season,passer_id,player_name,team,games,dropbacks,epa_per_db,total_epa,any_a,pass_yards,scramble_yards,rush_yards,total_yards,pass_tds,scramble_tds,rush_tds,rec_tds,total_tds,interceptions,fumbles_lost,turnovers,team_wins,pts_per_drive,total_plays,epa_per_play,pass_att,sacks,scrambles,designed_runs,late_epa,late_tds,late_plays,late_epa_per_play,pct_team_yards,pct_team_tds,wpa_total,close_epa,close_epa_per_play,wins_vs_top10,wins_vs_top10_x,wins_vs_top10_y,success_rate,negative_play_rate,cpoe,win_pct,offensive_allpros_nqb,last_name,vote_pct,won,z_epa_per_play,z_total_epa,z_any_a,z_total_yards,z_total_tds,z_turnovers,z_pts_per_drive,z_team_wins,z_late_epa,z_late_epa_per_play,z_late_tds,z_pct_team_yards,z_pct_team_tds,z_wpa_total,z_success_rate,z_negative_play_rate,z_cpoe,z_win_pct,z_offensive_allpros_nqb,raw_index,mvp_index
2025,00-0023459,A.Rodgers,PIT,16,,,17.16,6.275,3322,68,0,3390,24,1,0,0,25,7,4,11,10,17.261,539.0,0.0318,498.0,29.0,12.0,0.0,24.79,6.0,200.0,0.124,63.7,58.1,0.366,,,0.0,,,0.4304,0.0742,0.0417,0.5882,0.0,rodgers,,,0.06070823228120765,-0.10581116560817598,0.32385579952298243,0.4789508544047855,0.502126853155334,-0.028292631669336203,0.6850281483012716,0.6199633659849578,0.6541972374364844,0.42941860728392156,0.19288438587037277,0.6723024844514341,0.5869856012498919,-0.25910299145794985,-0.5000614675924796,0.7843554240170325,-0.025293653350047064,0.6197866859288077,0.5054654075998557,0.2563416644794952,59.6
2025,00-0040398,B.Cook,NYJ,5,,,-71.62,1.96,739,44,5,788,2,0,0,0,2,7,1,8,3,12.5,185.0,-0.3871,154.0,19.0,7.0,5.0,-71.62,2.0,185.0,-0.3871,17.7,7.4,-0.612,,,0.0,,,0.3243,0.1459,-10.0291,0.1765,0.0,cook,,,-2.792397059708085,-1.5662574869805155,-3.04815877886594,-1.5608540247374079,-1.6104800290225962,0.6082915808907307,-0.9511352366798417,-1.3933197297393896,-3.25743484277013,-0.9327701351615373,-0.6750953505463043,-1.5508063698847778,-1.8312297278429717,-0.8304589717197184,-2.610690425354406,-2.053095832391707,-2.6163851308008135,-1.3931998918314517,0.5054654075998557,-1.6381435726176388,0.0
2025,00-0034855,B.Mayfield,TB,17,,,38.86,5.966,3693,373,18,4084,26,1,0,0,27,11,4,15,8,14.074,630.0,0.0617,548.0,36.0,42.0,4.0,16.75,7.0,186.0,0.09,76.6,67.5,1.193,,,0.0,,,0.4492,0.081,-2.1161,0.4706,0.0,mayfield,,,0.26435551857979883,0.2511575793093704,0.08238360839385671,1.0230033471506281,0.6858317994316757,-0.8770715817494252,-0.4102150165663629,0.04473962434943004,0.3279912222424051,0.33880147317485176,0.409879319974542,1.2957395327326757,1.0353332165057678,0.22403749491882186,-0.12607631767801997,0.5152526549294533,-0.5804687327919249,0.04478736228390517,0.5054654075998557,0.3229963818142608,61.7
2025,00-0039732,B.Nix,DEN,17,,,75.83,5.983,3931,307,66,4304,25,3,2,0,30,11,3,14,14,14.321,704.0,0.1077,616.0,22.0,36.0,30.0,30.08,8.0,215.0,0.1399,76.0,69.8,4.116,,,0.0,,,0.4517,0.0597,-1.1956,0.8235,0.0,nix,,,0.5776590359622468,0.8593204594753467,0.09566848622296675,1.1954695552256789,0.9613892188461884,-0.664876844229403,-0.3253310938420749,1.7704108492560136,0.8688278121102007,0.47179544352904546,0.6268742540787113,1.2667424607195952,1.145035292579014,1.9316791414476044,-0.07634424987024599,1.3581775051596645,-0.3436355412884267,1.7702742782217133,0.5054654075998557,0.8179264665650694,77.3
2025,00-0037834,B.Purdy,SF,9,,,75.64,6.926,2167,131,20,2318,20,1,2,0,23,10,3,13,12,19.0,327.0,0.2313,287.0,11.0,18.0,11.0,48.26,13.0,148.0,0.3261,38.8,46.9,2.47,,,0.0,,,0.5443,0.0765,7.2285,0.7059,0.0,purdy,,,1.4194919652768245,0.8561949266857461,0.832588474037742,-0.36142994130637174,0.31842190687899224,-0.45268210670938075,1.2826522034329997,1.1951871076204856,1.6064429061684544,0.9680575132675397,1.7118489245995576,-0.5310760040914286,0.05278418732799687,0.9700718372442602,1.765731541729701,0.693335369766822,1.8237805244851963,1.1952749545768102,0.5054654075998557,0.787242377073833,76.3
2025,00-0039150,B.Young,CAR,16,,,-12.92,5.482,3011,220,14,3245,23,2,0,0,25,11,6,17,8,13.522,545.0,-0.0237,479.0,27.0,33.0,6.0,0.39,6.0,136.0,0.0029,63.9,73.5,0.352,,,0.0,,,0.4367,0.0826,0.9989,0.4706,0.0,young,,,-0.31729927238674593,-0.6006323567196873,-0.29584467803493547,0.3652799445371383,0.502126853155334,-1.3014610567894698,-0.5999151191728687,0.04473962434943004,-0.3357812166350994,0.10666169726602868,0.19288438587037277,0.681968175122461,1.3215125453924972,-0.26728191142079727,-0.3747366567168899,0.4519343563206109,0.22098199130736582,0.04478736228390517,0.5054654075998557,-0.03648501895979624,50.4
2025,00-0039163,C.Stroud,HOU,14,,,60.99,6.439,3041,194,20,3255,19,0,1,0,20,8,2,10,12,14.963,483.0,0.1263,423.0,23.0,25.0,12.0,16.94,9.0,159.0,0.1065,58.6,58.8,1.181,,,0.0,,,0.47,0.0683,0.3577,0.7059,0.0,stroud,,,0.7043426321212367,0.6151998984349603,0.4520157974038126,0.37311931763145884,0.04286448746447959,0.18390210585068606,-0.10470162668016063,1.1951871076204856,0.3357000708601757,0.382777435316018,0.8438691881828806,0.42582737234024537,0.6203731896200101,0.21702699209352408,0.2876944864826589,1.0178416501371381,0.056009213043332035,1.1952749545768102,0.5054654075998557,0.468103853049741,66.3
2025,00-0040676,C.Ward,TEN,17,,,-101.23,4.635,3169,151,18,3338,15,0,2,0,17,7,9,16,3,9.793,625.0,-0.162,537.0,55.0,23.0,10.0,-4.13,9.0,144.0,-0.0287,71.2,58.6,-1.933,,,0.0,,,0.3824,0.1152,-2.9297,0.1765,0.0,ward,,,-1.259253108343106,-2.053347096980909,-0.9577441792853222,0.438186114314319,-0.23269293195003304,-1.0892663192694476,-1.8814217905852975,-1.3933197297393896,-0.5191706679631142,0.022441066741128477,0.8438691881828806,1.034765884614947,0.6108338786571194,-1.6021984910712486,-1.4549171695017389,-0.8381759778345478,-0.7897978849996883,-1.3931998918314517,0.5054654075998557,-0.7470467246100297,28.0
2025,00-0032950,C.Wentz,MIN,5,,,6.89,5.245,1216,57,0,1273,6,0,0,0,6,5,0,5,9,13.76,198.0,0.0348,169.0,19.0,9.0,1.0,0.0,0.0,0.0,0.0,26.3,16.2,0.035,,,0.0,,,0.4798,0.1212,1.1112,0.5294,1.0,wentz,,,0.08114107037136727,-0.2747544379723788,-0.48105150424076976,-1.1806444296628638,-1.2430701364699128,1.2448757934507975,-0.5181241329041217,0.3323514951671939,-0.35160464274526,0.09893258876849038,-1.109085218754643,-1.1351816710306166,-1.4115000454757685,-0.45247602772241347,0.48264419228913336,-1.075619597617706,0.24987538338324072,0.33228702410635647,-2.170527926752322,-0.49636472613152866,35.9
2025,00-0039918,C.Williams,CHI,17,,,53.85,6.737,3942,363,32,4337,27,2,1,1,31,7,2,9,11,16.333,660.0,0.0816,570.0,24.0,43.0,23.0,29.72,10.0,192.0,0.1548,71.3,64.6,2.246,,,0.0,,,0.4455,0.0545,-3.5054,0.6471,0.0,williams,,,0.3998933445778579,0.49774566623628375,0.6848918911141021,1.2213394864369367,1.0532416919843592,0.39609684337070833,0.36611203377439183,0.9075752368027218,0.8542215726238986,0.5115070699474319,1.0608641222870498,1.0395987299504603,0.8970132075438484,0.8392091178387016,-0.19967977803352502,1.5639619756384018,-0.9379183286157273,0.9077752927543589,0.5054654075998557,0.7446913827151492,75.0
2025,00-0040704,D.Gabriel,CLE,10,,,-42.31,4.216,937,89,-2,1024,7,0,0,0,7,2,0,2,5,9.964,217.0,-0.195,185.0,19.0,11.0,2.0,-1.41,0.0,1.0,-1.4081,22.6,25.9,-1.044,,,0.0,,,0.3226,0.1014,-7.5071,0.2941,0.0,gabriel,,,-1.484014327334862,-1.0841029287531754,-1.2851773446028092,-1.3758448197114441,-1.151217663331742,1.8814600060108642,-1.8226559979300208,-0.8180959881038616,-0.40881241406660973,-3.6539493682603696,-1.109085218754643,-1.3139969484446161,-0.948843463775556,-1.0828370734304384,-2.644508231463692,-0.2920556523332844,-1.9675059249650475,-0.8182005681865488,0.5054654075998557,-1.092321906873065,17.2
2025,00-0035710,D.Jones,IND,13,,,75.94,7.244,3101,148,22,3271,19,1,4,0,24,8,4,12,8,19.417,447.0,0.1699,387.0,22.0,22.0,16.0,-1.36,0.0,8.0,-0.1694,55.2,44.4,1.573,,,0.0,,,0.5123,0.0783,2.2971,0.4706,0.0,jones,,,1.001299879031557,0.8611299784587998,1.0810938357822788,0.3856623145823716,0.4102743800171631,-0.24048736918935848,1.4259582592063933,0.04473962434943004,-0.4067837696935122,-0.3525539558808165,-1.109085218754643,0.2615106309327863,-0.06645719970814037,0.44603675105325136,1.129161073790194,0.6221022838318747,0.5549926911551023,0.04478736228390517,0.5054654075998557,0.411753080492696,64.5
2025,00-0039851,D.Maye,NE,17,,,188.71,8.262,4394,429,48,4871,31,3,1,0,35,8,4,12,14,20.417,620.0,0.3044,492.0,47.0,62.0,19.0,63.56,10.0,132.0,0.4815,77.9,64.8,4.335,,,0.0,,,0.55,0.0952,10.7813,0.8235,0.0,maye,,,1.9173721200737148,2.7162159399496617,1.8766235787254826,1.6399620096736511,1.4206515845370429,-0.24048736918935848,1.7696178653775998,1.7704108492560136,2.2272080843362922,1.3822311203425237,1.0608641222870498,1.358566522094352,0.9065525185067395,2.059620818009289,1.8791206563314262,-0.04669724522402111,2.7378717387965796,1.7702742782217133,0.5054654075998557,1.5405237760242536,100.0
2025,00-0036898,D.Mills,HOU,6,,,-14.57,5.385,915,58,5,978,5,1,0,0,6,1,0,1,12,14.963,180.0,-0.0809,161.0,8.0,7.0,4.0,-5.37,0.0,10.0,-0.537,17.6,17.6,-0.203,,,0.0,,,0.4,0.05,-6.6134,0.7059,0.0,mills,,,-0.7068853853057899,-0.6277751414714823,-0.3716466280010367,-1.4119059359453183,-1.2430701364699128,2.0936547435308865,-0.10470162668016063,1.1951871076204856,-0.5694810484159323,-1.332285088189466,-1.109085218754643,-1.5556392152202914,-1.3447248687355315,-0.5915176670908193,-1.1048034121350103,1.7420446904757703,-1.7375680398518738,1.1952749545768102,0.5054654075998557,-0.43142094178065515,38.0
2025,00-0033077,D.Prescott,DAL,17,,,106.21,7.133,4552,176,13,4741,30,1,1,0,32,10,5,15,7,18.115,667.0,0.1592,599.0,31.0,26.0,11.0,18.2,5.0,189.0,0.0963,70.9,65.3,4.63,,,0.0,,,0.4843,0.069,2.1646,0.4118,0.0,prescott,,,0.9284227565099876,1.3590767023599117,0.9943513981922046,1.5380501594474847,1.1450941651225301,-0.8770715817494252,0.9785134519714815,-0.24287224646833386,0.3868219090622328,0.355592295083297,-0.024110548233796502,1.0202673486084066,0.930400795913967,2.2319623457978595,0.5721619143431265,0.9901398944957693,0.5209020905312963,-0.2427122995385464,0.5054654075998557,0.9008852487393232,79.9
2025,00-0030565,G.Smith,LV,15,,,-73.25,4.443,3025,109,6,3140,19,0,0,0,19,17,1,18,3,8.31,538.0,-0.1362,448.0,55.0,18.0,17.0,-6.79,4.0,83.0,-0.0818,69.8,73.1,-2.02,,,0.0,,,0.4238,0.1413,0.7071,0.1765,0.0,smith,,,-1.0835307007677328,-1.5930712682807735,-1.1077851524140994,0.2829665270467731,-0.04898798567369129,-1.5136557943094922,-2.391068986537196,-1.3933197297393896,-0.6270945486119016,-0.11908157505862473,-0.24110548233796578,0.9671060499177576,1.302433923466715,-1.6530246365546573,-0.6313541266050027,-1.8710557238912862,0.14590548366942904,-1.3931998918314517,0.5054654075998557,-0.774347546419121,27.2
2025,00-0034857,J.Allen,BUF,16,,,109.33,6.759,3668,426,173,4267,25,3,11,0,39,10,5,15,12,20.913,600.0,0.1822,466.0,40.0,48.0,46.0,23.22,9.0,149.0,0.1558,67.9,66.1,2.147,,,0.0,,,0.4983,0.0933,3.5149,0.7059,0.0,allen,,,1.0850745152012116,1.4104012407996696,0.7020840859517746,1.166463874776693,1.7880614770897263,-0.8770715817494252,1.9400730300385176,1.1951871076204856,0.5904978041212225,0.5141722797741692,0.8438691881828806,0.8752819885430015,0.9685580397655307,0.7813724695299948,0.8506614940666608,0.02849323437397946,0.8683174718318653,1.1952749545768102,0.5054654075998557,0.8585180919725672,78.5
2025,00-0033119,J.Brissett,ARI,14,,,1.12,5.996,3366,149,20,3535,23,0,1,0,24,8,5,13,3,14.2,566.0,0.002,487.0,43.0,22.0,14.0,-9.32,10.0,212.0,-0.044,62.6,60.0,-0.783,,,0.0,,,0.4576,0.1025,1.6353,0.1765,0.5,brissett,,,-0.14225795941437824,-0.36967193374077706,0.10582751044522833,0.5926217642724327,0.4102743800171631,-0.45268210670938075,-0.36691390618879105,-1.3933197297393896,-0.7297439538906354,-0.01833664360795295,1.0608641222870498,0.6191411857607856,0.677609055397356,-0.9303586369802119,0.04102343015610083,-0.335586982626863,0.38471978932238626,-1.3931998918314517,-0.832531259576233,-0.15012913786018597,46.8
2025,00-0035100,J.Browning,CIN,5,,,-46.1,3.515,771,31,9,811,6,0,1,0,7,8,2,10,6,17.25,142.0,-0.3247,125.0,9.0,4.0,4.0,0.0,0.0,0.0,0.0,14.0,12.5,-0.32,,,0.0,,,0.4085,0.1338,0.3757,0.3529,1.0,browning,,,-2.367394027432764,-1.1464490828194194,-1.832983189203188,-1.5428234666204705,-1.151217663331742,0.18390210585068606,0.6812478926333886,-0.5304841172860978,-0.35160464274526,0.09893258876849038,-1.109085218754643,-1.7296216472987775,-1.5879772982892515,-0.6598700696374726,-0.9357143815885799,-1.5742511991623382,0.0606403889771321,-0.5307009063640973,-2.170527926752322,-1.11197123501651,16.6
2025,00-0036442,J.Burrow,CIN,8,,,31.13,6.514,1809,26,16,1851,17,0,0,0,17,5,1,6,6,17.25,291.0,0.107,261.0,17.0,8.0,5.0,25.2,13.0,198.0,0.1273,32.0,30.4,0.294,,,0.0,,,0.4914,0.079,4.6543,0.3529,1.0,burrow,,,0.5728913737412096,0.12399774529035498,0.5106255525322413,-0.727528664811139,-0.23269293195003304,1.032681055930775,0.6812478926333886,-0.5304841172860978,0.6708321212958839,0.43821379971215485,1.7118489245995576,-0.8597094869063469,-0.734208967110509,-0.30116600840973645,0.7134009869172044,0.594400528190506,1.16147090844141,-0.5307009063640973,-2.170527926752322,0.130327285180718,55.6
2025,00-0039910,J.Daniels,WAS,7,,,-1.84,5.922,1262,246,37,1545,8,0,2,0,10,3,2,5,5,15.478,258.0,-0.0071,186.0,18.0,38.0,16.0,-11.92,0.0,25.0,-0.4767,29.9,25.0,0.19,,,0.0,,,0.4574,0.1008,-2.7291,0.2941,0.0,daniels,,,-0.20423756828786255,-0.4183644445682396,0.04799921871851159,-0.9674134814973462,-0.8756602439172292,1.2448757934507975,0.07228307049801083,-0.8180959881038616,-0.8352334612917058,-1.1715729356372038,-1.109085218754643,-0.9611992389521306,-0.9917703631085654,-0.36192369956231724,0.03704486473147825,-0.2683112903549684,-0.7381860020930052,-0.8182005681865488,0.5054654075998557,-0.4229088952019294,38.2
2025,00-0040691,J.Dart,NYG,14,,,33.59,5.853,2272,290,202,2764,15,2,7,0,24,5,4,9,4,15.24,454.0,0.074,340.0,35.0,38.0,41.0,9.25,6.0,145.0,0.0638,50.1,54.5,0.149,,,0.0,,,0.4604,0.1035,-0.1931,0.2353,0.0,dart,,,0.34813015474945336,0.16446516982939488,-0.0059217559996426325,-0.011793901299677575,0.4102743800171631,0.39609684337070833,-0.00950791577073612,-1.1057078589216256,0.02369456627777895,0.2689729757143332,0.19288438587037277,0.015035518821597515,0.4152780039178542,-0.3858762508820846,0.09672334610080703,-0.37516091925738937,-0.08570477053095027,-1.1057002300090002,0.5054654075998557,0.052128217407747535,53.2
2025,00-0036945,J.Fields,NYJ,9,,,-9.88,4.987,1259,242,145,1646,7,1,3,0,11,1,3,4,3,12.5,301.0,-0.0328,206.0,27.0,28.0,40.0,0.0,0.0,0.0,0.0,36.9,40.7,-1.238,,,0.0,,,0.4585,0.113,-1.8688,0.1765,0.0,fields,,,-0.37927888126023024,-0.5506238320860771,-0.6826690618825639,-0.8882358132447091,-0.7838077707790583,1.4570705309708196,-0.9511352366798417,-1.3933197297393896,-0.35160464274526,0.09893258876849038,-1.109085218754643,-0.6229000654661851,-0.2429344525216233,-1.1961735357727523,0.05892697456689969,-0.75111331724739,-0.5168415212125496,-1.3931998918314517,0.5054654075998557,-0.5065229434548406,35.6
2025,00-0026158,J.Flacco,CIN,13,,,-41.59,5.118,2479,30,22,2531,15,0,1,0,16,10,4,14,6,17.25,444.0,-0.0937,414.0,18.0,4.0,8.0,0.25,0.0,8.0,0.0316,43.8,28.6,-1.103,,,0.0,,,0.4189,0.0721,-2.8235,0.3529,1.0,flacco,,,-0.7940654944904711,-1.0722588044978465,-0.5802973562582419,-0.19445129439734515,-0.32454540508820395,-0.664876844229403,0.6812478926333886,-0.5304841172860978,-0.34146142087977244,0.1831532192933906,-1.109085218754643,-0.28943373731575345,-0.8200627657765276,-1.1173053789881524,-0.72882897950824,0.867460690941138,-0.7624739469902679,-0.5307009063640973,-2.170527926752322,-0.5726628112321223,33.5
2025,00-0033106,J.Goff,DET,17,,,98.59,7.533,4564,48,5,4617,34,0,0,0,34,8,5,13,9,17.815,625.0,0.1577,576.0,38.0,5.0,6.0,30.42,9.0,215.0,0.1415,70.3,60.7,1.96,,,0.0,,,0.4864,0.0816,1.7766,0.5294,0.0,goff,,,0.9182063374649078,1.2337263873243494,1.3069367588771572,1.4408419330779105,1.328799111398872,-0.45268210670938075,0.8754155701201206,0.3323514951671939,0.8826225938472639,0.4760597792518252,0.8438691881828806,0.9912702765953252,0.7109966437674746,0.6721254671691046,0.6139368513016564,0.4915082929511373,0.4210745204027168,0.33228702410635647,0.5054654075998557,0.8286486744369196,77.6
2025,00-0036355,J.Herbert,LAC,16,,,33.13,5.938,3727,439,71,4237,26,1,1,0,28,13,4,17,11,13.63,640.0,0.0518,512.0,54.0,49.0,25.0,5.06,6.0,156.0,0.0324,76.8,73.7,0.997,,,0.0,,,0.4766,0.1141,1.5749,0.6471,0.0,herbert,,,0.19692715288227197,0.15689809044404596,0.06050263314590969,1.1429457554937317,0.7776842725698466,-1.3014610567894698,-0.5627998817063782,0.9075752368027218,-0.14630583218779222,0.18528538715478046,0.19288438587037277,1.305405223403703,1.3310518563553884,0.10953261543895816,0.41898714549518307,-0.7946446475409686,0.36917962118896824,0.9077752927543589,0.5054654075998557,0.23554031278869247,58.9
2025,00-0036389,J.Hurts,PHI,16,,,51.75,6.735,3224,266,170,3660,25,2,6,0,33,6,6,12,11,14.037,579.0,0.0894,454.0,32.0,40.0,53.0,8.05,6.0,136.0,0.0592,70.0,76.7,0.677,,,0.0,,,0.4525,0.0864,3.1833,0.6471,0.5,hurts,,,0.45301872361227286,0.4632003038249083,0.6833289643106775,0.6906139279514389,1.236946638260701,-0.24048736918935848,-0.42293042199469716,0.9075752368027218,-0.02499289867656121,0.25671301051134143,0.19288438587037277,0.9767717405887848,1.474141520798753,-0.07741412656898247,-0.06042998817175787,0.3015533971246109,0.7830009196291927,0.9077752927543589,-0.832531259576233,0.41035258623694976,64.4
2025,00-0036264,J.Love,GB,15,,,130.92,7.38,3381,183,28,3592,23,0,0,0,23,6,2,8,9,17.0,495.0,0.2645,440.0,21.0,24.0,10.0,13.15,4.0,87.0,0.1512,63.8,52.3,4.915,,,0.0,,,0.5051,0.0586,5.533,0.5294,0.0,love,,,1.6456153734745915,1.7655604667337625,1.1873728584151626,0.6373061909100596,0.31842190687899224,0.6082915808907307,0.595332991090587,0.3323514951671939,0.18192882737938457,0.5019123145711775,-0.24110548233796578,0.6771353297869473,0.3103455833260533,2.3984617878986816,0.9859327185038054,1.4017088354532437,1.387549480276417,0.33228702410635647,0.5054654075998557,1.003751842209184,83.1
2025,00-0039923,J.McCarthy,MIN,10,,,-42.15,4.26,1632,156,35,1823,11,2,2,0,15,12,2,14,9,13.76,301.0,-0.14,246.0,27.0,17.0,11.0,30.25,7.0,100.0,0.3025,37.7,40.5,-0.221,,,0.0,,,0.4219,0.1395,-5.7239,0.5294,1.0,mccarthy,,,-1.1094122956819352,-1.0814709011408798,-1.2507929549274648,-0.7494789094752363,-0.4163978782263748,-0.664876844229403,-0.5181241329041217,0.3323514951671939,0.8757252029787322,0.9051585613565383,0.409879319974542,-0.584237302782077,-0.2524737634845144,-0.602033421328766,-0.6691504981389111,-1.7998226379563387,-1.5087107624565868,0.33228702410635647,-2.170527926752322,-0.6235997022299247,31.9
2025,00-0029604,K.Cousins,ATL,10,,,-7.51,5.754,1721,8,9,1738,10,0,1,0,11,5,2,7,8,14.708,289.0,-0.026,268.0,13.0,2.0,6.0,2.73,8.0,173.0,0.0158,30.1,28.9,0.351,,,0.0,,,0.4464,0.0692,-2.7993,0.4706,0.0,cousins,,,-0.33296444825586835,-0.5116369230789533,-0.08328663276916846,-0.8161135807769606,-0.7838077707790583,0.8204863184107529,-0.19233482625381793,0.04473962434943004,-0.24084065997413606,0.1410429040309405,0.6268742540787113,-0.9515335482811034,-0.8057537993321913,-0.26786611998957205,-0.18177623362272616,0.9822251071696644,-0.7562475882348256,0.04478736228390517,0.5054654075998557,-0.1586810015663452,46.5
2025,00-0035228,K.Murray,ARI,5,,,9.81,4.723,962,142,33,1137,6,1,0,0,7,3,2,5,3,14.2,205.0,0.0479,161.0,16.0,16.0,12.0,0.0,0.0,0.0,0.0,20.1,17.5,0.57,,,0.0,,,0.439,0.1122,-0.5288,0.1765,0.5,murray,,,0.17036446336506442,-0.22671993404799007,-0.8889753999346326,-1.2872599037456225,-1.151217663331742,1.2448757934507975,-0.36691390618879105,-1.3933197297393896,-0.35160464274526,0.09893258876849038,-1.109085218754643,-1.4348180818324539,-1.3494945242169771,-0.13992444342788768,-0.32898315433373737,-0.7194541679429686,-0.17207620169632168,-1.3931998918314517,-0.832531259576233,-0.5332493902612441,34.8
2025,00-0034796,L.Jackson,BAL,13,,,30.31,7.145,2549,219,146,2914,21,1,1,0,23,7,5,12,8,16.96,397.0,0.0763,302.0,36.0,30.0,29.0,16.6,7.0,96.0,0.1729,51.5,48.9,1.539,,,0.0,,,0.4685,0.1234,1.7587,0.4706,1.0,jackson,,,0.36379533061857583,0.11050860377734172,1.003728959012753,0.10579669511512987,0.31842190687899224,-0.24048736918935848,0.5815866068437391,0.04473962434943004,0.32190528912311267,0.5597473678113779,0.409879319974542,0.08269535351878651,0.14817729695690668,0.4261736597149076,0.2578552457979956,-1.162682258204864,0.4164690732241045,0.04478736228390517,-2.170527926752322,0.13510486132298588,55.8
2025,00-0036972,M.Jones,SF,9,,,45.89,6.688,2151,55,19,2225,13,0,0,0,13,6,3,9,12,19.0,326.0,0.1408,288.0,16.0,8.0,14.0,0.0,0.0,0.0,0.0,37.3,26.5,1.633,,,0.0,,,0.5276,0.0798,3.6786,0.7059,0.0,jones,,,0.8031013495570084,0.3668022925245939,0.6466001844301951,-0.43433611108355236,-0.6001028245027166,0.39609684337070833,1.2826522034329997,1.1951871076204856,-0.35160464274526,0.09893258876849038,-1.109085218754643,-0.6035686841241312,-0.920225530886883,0.48108926517974027,1.43352132877377,0.5627413788860851,0.9104354440742581,1.1952749545768102,0.5054654075998557,0.23236317528580216,58.8
2025,00-0032268,M.Mariota,WAS,10,,,4.81,6.037,1695,163,140,1998,10,1,0,0,11,7,3,10,5,15.478,288.0,0.0167,228.0,16.0,18.0,26.0,-10.92,1.0,50.0,-0.2185,38.7,27.5,-0.321,,,0.0,,,0.4792,0.1042,3.1971,0.2941,0.0,mariota,,,-0.042137052772595954,-0.30897079693221735,0.13786750991543553,-0.6122898803246276,-0.7838077707790583,0.18390210585068606,0.07228307049801083,-0.8180959881038616,-0.7946605738297557,-0.4834157583736202,-0.8920902846504736,-0.535908849426942,-0.8725289760724281,-0.6604542782062475,0.4707084960152678,-0.40286267489875804,0.7865514878451061,-0.8182005681865488,0.5054654075998557,-0.35993685531667574,40.2
2025,00-0039917,M.Penix,ATL,9,,,9.19,6.641,1982,77,0,2059,9,1,0,0,10,3,3,6,8,14.708,304.0,0.0302,277.0,13.0,13.0,1.0,0.0,0.0,0.0,0.0,35.7,26.3,0.834,,,0.0,,,0.4605,0.0625,-3.6197,0.4706,0.0,penix,,,0.049810718633122496,-0.23691904104563427,0.6098714045497134,-0.5644697044492726,-0.8756602439172292,1.032681055930775,-0.19233482625381793,0.04473962434943004,-0.35160464274526,0.09893258876849038,-1.109085218754643,-0.680894209492347,-0.9297648418497739,0.01430661872866337,0.09871262881311887,1.247370482594191,-0.9673262957953579,0.04478736228390517,0.5054654075998557,-0.04404916721114051,50.1
2025,00-0026498,M.Stafford,LA,17,,,125.11,8.293,4707,22,0,4729,46,0,0,0,46,8,5,13,12,20.72,629.0,0.1989,594.0,23.0,7.0,5.0,61.21,14.0,205.0,0.2986,68.9,70.8,4.38,,,0.0,,,0.5231,0.0572,1.5916,0.7059,0.0,stafford,,,1.1988173139031002,1.6699849640622908,1.9008489441785656,1.5286429117343001,2.4310287890569224,-0.45268210670938075,1.8737467260474743,1.1951871076204856,2.1318617988007094,0.8947642430322625,1.9288438587037269,0.9236104418981366,1.192731847393469,2.085910203604156,1.344003606719778,1.4571123467359806,0.37347632330532715,1.1952749545768102,0.5054654075998557,1.5146771188206782,99.2
2025,00-0033873,P.Mahomes,KC,14,,,101.5,6.218,3587,420,9,4016,22,3,2,0,27,11,0,11,6,13.923,592.0,0.1715,503.0,34.0,52.0,3.0,-19.31,1.0,76.0,-0.2541,75.5,69.2,1.92,,,0.0,,,0.5,0.0777,0.3364,0.3529,1.0,mahomes,,,1.0121973926796421,1.2815963895229694,0.2793123856253764,0.9696956101092487,0.6858317994316757,-0.028292631669336203,-0.46210761709821496,-0.5304841172860978,-1.1350670996355174,-0.5782972282054699,-0.8920902846504736,1.2425782340420275,1.1164173596903413,0.648757124418112,0.8844793001759467,0.6458466458101901,0.050528988188335275,-0.5307009063640973,-2.170527926752322,0.3546309700024354,62.7
2025,00-0029263,R.Wilson,NYG,6,,,-16.96,5.349,831,91,15,937,3,0,0,0,3,3,0,3,4,15.24,147.0,-0.1154,119.0,10.0,12.0,6.0,0.0,0.0,0.0,0.0,17.0,6.8,0.359,,,0.0,,,0.381,0.0952,-1.48,0.2353,0.0,wilson,,,-0.941863023342626,-0.6670910539301429,-0.3997793104626821,-1.4440473656320323,-1.5186275558844253,1.669265268490842,-0.00950791577073612,-1.1057078589216256,-0.35160464274526,0.09893258876849038,-1.109085218754643,-1.5846362872333726,-1.8598476607316445,-0.26319245143937353,-1.4827671274740926,-0.04669724522402111,-0.41680812104246784,-1.1057002300090002,0.5054654075998557,-0.6317418422350449,31.7
2025,00-0034869,S.Darnold,SEA,17,,,62.84,7.434,4048,89,19,4156,25,0,0,0,25,14,9,23,14,17.889,524.0,0.1199,475.0,27.0,14.0,8.0,3.58,6.0,178.0,0.0201,68.3,55.6,1.088,,,0.0,,,0.5267,0.0954,5.2382,0.8235,0.0,darnold,,,0.6607525775288962,0.6456327177021244,1.2295718821076314,1.0794468334297356,0.502126853155334,-2.5746294819096036,0.9008463809767893,1.7704108492560136,-0.20635370563147842,0.15250330628591108,0.19288438587037277,0.8946133698850551,0.4677442142137546,0.16269559519746635,1.4156177843629711,-0.05461203255012606,1.3117011099828468,1.7702742782217133,0.5054654075998557,0.44273865979242244,65.5
2025,00-0039376,S.Rattler,NO,9,,,-27.22,5.21,1586,114,54,1754,8,0,0,0,8,5,5,10,6,13.304,303.0,-0.0898,254.0,18.0,16.0,15.0,0.11,0.0,1.0,0.113,32.5,27.6,-1.142,,,0.0,,,0.4686,0.0957,2.3568,0.3529,0.0,rattler,,,-0.7675028049732637,-0.8358698245685772,-0.5084027233007031,-0.8035705838260477,-1.059365190193571,0.18390210585068606,-0.6748329133181916,-0.5304841172860978,-0.3471416251244455,0.4001012991898108,-1.109085218754643,-0.8355452602287793,-0.8677593205909825,-1.14008951317037,0.25984452851030637,-0.06648421353928376,0.5703527580022059,-0.5307009063640973,0.5054654075998557,-0.5396466033437017,34.6
2025,00-0040668,S.Sanders,CLE,8,,,-60.45,3.94,1400,167,4,1571,7,1,0,0,8,10,3,13,5,9.964,255.0,-0.2371,212.0,23.0,18.0,2.0,-38.33,6.0,184.0,-0.2083,34.6,29.6,-1.377,,,0.0,,,0.3686,0.1412,-4.9996,0.2941,0.0,sanders,,,-1.7707551552001026,-1.3825090592971516,-1.5008612434754265,-0.9470311114521128,-1.059365190193571,-0.45268210670938075,-1.8226559979300208,-0.8180959881038616,-1.9067634191618092,-0.4562306181408993,0.19288438587037277,-0.7340555081829957,-0.7723662109620727,-1.2773785268324516,-1.7294381838006518,-1.8670983302282327,-1.3223573886315092,-0.8182005681865488,0.5054654075998557,-1.1490915714597394,15.4
2025,00-0036971,T.Lawrence,JAX,17,,,61.43,6.333,4007,310,59,4376,29,4,5,0,38,12,4,16,13,18.231,674.0,0.0911,559.0,41.0,43.0,31.0,69.45,17.0,199.0,0.349,76.9,71.7,1.644,,,0.0,,,0.4807,0.0905,-1.8818,0.7647,0.0,lawrence,,,0.4645973318633634,0.6224379743687722,0.3691806768223004,1.2519130415047866,1.6962090039515554,-1.0892663192694476,1.0183779662873427,1.4827989784382496,2.4661823914871785,1.0290908182998248,2.5798286610162346,1.3102380687392168,1.2356587467264786,0.4875155594362631,0.5005477366999322,0.13930025693945314,-0.5201862593869606,1.482774616399262,0.5054654075998557,0.8611275840188195,78.6
2025,00-0040743,T.Shough,NO,11,,,-2.0,5.952,2384,125,72,2581,10,2,1,0,13,6,4,10,6,13.304,395.0,-0.0051,325.0,31.0,20.0,19.0,27.34,8.0,198.0,0.1381,47.8,44.8,1.008,,,0.0,,,0.4481,0.1089,1.6082,0.3529,0.0,shough,,,-0.1906156762277561,-0.4209964721805349,0.0714431207698832,-0.15525442892574268,-0.6001028245027166,0.18390210585068606,-0.6748329133181916,-0.5304841172860978,0.7576581004644571,0.4669980658409182,0.6268742540787113,-0.09611992389521329,-0.04737857778235848,0.11595890969548113,-0.1479584275134403,-0.5888601770622317,0.3777472966664984,-0.5307009063640973,0.5054654075998557,-0.06999060469825717,49.3
2025,00-0036212,T.Tagovailoa,MIA,14,,,0.49,5.277,2660,44,2,2706,20,0,0,0,20,15,2,17,7,13.88,431.0,0.0011,385.0,30.0,11.0,5.0,2.25,3.0,58.0,0.0388,51.0,52.6,-0.078,,,0.0,,,0.4385,0.109,2.0203,0.4118,0.0,tagovailoa,,,-0.14838781084142613,-0.38003554246418975,-0.45604467538597354,-0.05726226524673646,0.04286448746447959,-1.3014610567894698,-0.47688498016357656,-0.24287224646833386,-0.26031564595587214,0.2023427300458995,-0.45810041644213506,0.058531126841218986,0.32465454977038993,-0.5184915959939674,-0.33892956789529216,-0.5928175707252845,0.4837754967953324,-0.2427122995385464,0.5054654075998557,-0.2664794428460241,43.2
2025,00-0028118,T.Taylor,NYJ,6,,,-7.77,3.891,779,141,4,924,5,1,0,0,6,5,1,6,3,12.5,172.0,-0.0452,133.0,14.0,22.0,3.0,-6.36,0.0,4.0,-1.5903,20.7,22.2,-0.329,,,0.0,,,0.4419,0.1163,-0.8776,0.1765,0.0,taylor,,,-0.46373461203289007,-0.5159139679489332,-1.539152950159333,-1.454238550654649,-1.2430701364699128,1.032681055930775,-0.9511352366798417,-1.3933197297393896,-0.609648207003263,-4.139550598691915,-1.109085218754643,-1.4058210098193729,-1.125320716589039,-0.6651279467564459,-0.2712939556767193,-0.8817073081281269,-0.261818099791292,-1.3931998918314517,0.5054654075998557,-0.9535819691042235,21.5
