season,player_id,player_name,team,position,total_epa,epa_per_play,total_tds,total_yards,turnovers,pct_team_yards,pct_team_tds,team_wins,pts_per_drive,late_epa,late_tds,any_a,late_epa_per_play,scrimmage_yards,target_share,yards_per_touch,total_touches,last_name,z_total_epa,z_epa_per_play,z_total_tds,z_total_yards,z_turnovers,z_pct_team_yards,z_pct_team_tds,z_team_wins,z_pts_per_drive,z_late_epa,z_late_tds,raw_index,mvp_index,top_qb_index,top_qb_name,nonqb_vs_topqb_pct
2025,00-0035676,A.Brown,,WR,84.19000244140625,1.079,7.0,1003.0,0.0,100300.0,700.0,0.0,0.0,26.187000274658203,1.0,0,1.342923091008113,1003.0,12100.0,12.859,78.0,brown,0.6694073638711312,0.9003204777835191,-0.30134961295317436,-0.49494526259199323,0.5099492768481745,1.7228074468847954,1.611297728038261,-1.3448183147792894,-1.5538525436395279,0.7156397244733009,-0.6584674310151726,-0.23639190672410126,25.8,100.0,D.Maye,25.8
2025,00-0040122,A.Jeanty,LV,RB,-49.95500183105469,-0.155,10.0,1321.0,1.0,29.4,40.0,3.0,8.31,-18.725000381469727,2.0,0,-0.2326087003909283,1321.0,14.7,4.102,322.0,jeanty,-2.3104787622189273,-1.478350809453735,0.4339434426525707,0.3246678673174725,-0.7343269586613712,-0.5787826162029666,-0.4654000400552286,-0.7186052063706126,-0.45695817473290384,-2.0573222159506943,-0.1435121324007428,-0.4658516695378963,14.3,100.0,D.Maye,14.3
2025,00-0038120,B.Hall,NYJ,RB,-3.3550000190734863,-0.012,5.0,1415.0,2.0,31.8,20.8,3.0,12.5,-5.729000091552734,1.0,0,-0.08213620202942988,1415.0,10.1,5.072,279.0,hall,-1.275310142795342,-1.2027025160380727,-0.7915449833570044,0.5669434465988868,-1.9786031941709168,-0.5787275271125312,-0.5258130660361301,-0.7186052063706126,0.09610890176754786,-1.254921662530637,-0.6584674310151726,-0.6631558024302919,4.5,100.0,D.Maye,4.5
2025,00-0038542,B.Robinson,ATL,RB,39.98699951171875,0.109,11.0,2298.0,2.0,39.8,31.4,8.0,14.708,4.8429999351501465,4.0,0,0.052784740437603776,2298.0,19.7,6.262,367.0,robinson,-0.3125145189159359,-0.9694616523786661,0.6790411278544857,2.8427874519764287,-1.9786031941709168,-0.57854389681108,-0.4924600412758407,0.32508330764384863,0.38755809148425374,-0.6021840137969099,0.8863984648281169,0.35338373294471437,55.3,100.0,D.Maye,55.3
2025,00-0038597,C.Brown,CIN,RB,14.866999626159668,0.049,11.0,1433.0,0.0,24.9,23.4,6.0,17.25,13.644000053405762,8.0,0,0.18071523249544055,1433.0,14.6,4.745,302.0,brown,-0.8705281367344904,-1.0851182789866363,0.6790411278544857,0.6133366426314981,0.5099492768481745,-0.5788859082475329,-0.5176321354345497,-0.09239209796193588,0.7230942510222367,-0.058791646299248004,2.9462196592858363,0.6863188086397638,71.9,100.0,D.Maye,71.9
2025,00-0036358,C.Lamb,DAL,WR,85.43399810791016,1.124,3.0,1079.0,0.0,16.1,6.2,7.0,18.115,24.32200050354004,0.0,0,1.280105289660002,1079.0,19.2,14.197,76.0,lamb,0.6970413816091452,0.987062947739497,-1.2817403537608343,-0.2990628793431901,0.5099492768481745,-0.5790879015791294,-0.571752137875774,0.11634560484095638,0.8372715830444061,0.6004906928412731,-1.1734227296296025,-0.2860268626495874,23.3,100.0,D.Maye,23.3
2025,00-0033280,C.McCaffrey,SF,RB,48.1349983215332,0.117,17.0,2106.0,0.0,35.4,36.2,12.0,19.0,8.173999786376953,4.0,0,0.07916706814892933,2106.0,23.3,5.099,413.0,mccaffrey,-0.13151554142550884,-0.9540407688309367,2.1496272390659756,2.3479266942952415,0.5099492768481745,-0.5786448934768781,-0.4773567847806153,1.1600341188554177,0.9540888533792272,-0.39652103561582913,0.8863984648281169,0.8323981559333166,79.2,100.0,D.Maye,79.2
2025,00-0037239,C.Olave,NO,WR,95.08200073242188,0.941,9.0,1160.0,0.0,21.5,34.6,6.0,13.304,36.8849983215332,4.0,0,1.4607920127339882,1160.0,27.5,11.485,101.0,olave,0.9113613208509311,0.6343102365851876,0.18884575745065565,-0.0902934971964394,0.5099492768481745,-0.5789639511256498,-0.48239120361235716,-0.09239209796193588,0.202234421936131,1.3761567575453293,0.8863984648281169,0.3786095166611052,56.6,100.0,D.Maye,56.6
2025,00-0034348,C.Sutton,,WR,100.54399871826172,1.359,7.0,1017.0,0.0,101700.0,700.0,0.0,0.0,28.507999420166016,2.0,0,1.5409729416305955,1017.0,12500.0,13.743,74.0,sutton,1.0326936962681896,1.440051401954047,-0.30134961295317436,-0.45886166567774006,0.5099492768481745,1.754942749638772,1.611297728038261,-1.3448183147792894,-1.5538525436395279,0.8589431222339088,-0.1435121324007428,-0.03445070343560424,35.9,100.0,D.Maye,35.9
2025,00-0039040,D.Achane,MIA,RB,31.46500015258789,0.103,12.0,1831.0,0.0,34.6,32.4,7.0,13.88,8.666999816894531,2.0,0,0.11366557136910861,1831.0,18.3,6.003,305.0,achane,-0.5018215139438212,-0.9810273150394632,0.9241388130564007,1.639141754908125,0.5099492768481745,-0.5786632565070233,-0.4893135295060021,0.11634560484095638,0.2782646453404891,-0.36608217069595644,-0.1435121324007428,0.11905168118739681,43.6,100.0,D.Maye,43.6
2025,00-0031381,D.Adams,,WR,81.74800109863281,1.362,14.0,789.0,0.0,78900.0,1400.0,0.0,0.0,7.333000183105469,0.0,0,0.4888666788736979,789.0,11400.0,13.15,60.0,adams,0.615160946267358,1.4458342332844456,1.4143341834602308,-1.0465088154241495,0.5099492768481745,1.2315963905025846,3.813855966925295,-1.3448183147792894,-1.5538525436395279,-0.4484461304170849,-1.1734227296296025,0.03793676866269252,39.5,100.0,D.Maye,39.5
2025,00-0032764,D.Henry,BAL,RB,16.53499984741211,0.051,16.0,1745.0,3.0,30.9,35.6,8.0,16.96,22.15900039672852,6.0,0,0.2752670856736462,1745.0,5.1,5.419,322.0,henry,-0.8334753165822777,-1.0812630580997038,1.9045295538640608,1.4174853738634268,-3.222879429680462,-0.5787481855214445,-0.47924469184251856,0.32508330764384863,0.6848151454887926,0.46694249000691535,1.9163090620569765,0.7377123529204848,74.5,100.0,D.Maye,74.5
2025,00-0037238,D.London,,WR,75.81300354003906,1.115,7.0,919.0,0.0,91900.0,700.0,0.0,0.0,13.008999824523926,1.0,0,0.7652352837955251,919.0,11300.0,13.515,68.0,london,0.4833213971231292,0.9697144537483012,-0.30134961295317436,-0.7114468440775125,0.5099492768481745,1.529995630360937,1.611297728038261,-1.3448183147792894,-1.5538525436395279,-0.09799790389466874,-0.6584674310151726,-0.29177145891922807,23.0,100.0,D.Maye,23.0
2025,00-0035719,D.Samuel,WAS,WR,61.04100036621094,0.686,6.0,802.0,0.0,15.5,16.2,5.0,15.478,13.14900016784668,0.0,0,0.5909662996785024,802.0,23.0,9.011,89.0,samuel,0.15517732980592744,0.14276957350131433,-0.5464472981550894,-1.0130026182894858,0.5099492768481745,-0.5791016738517382,-0.5402870201773878,-0.30112980076482815,0.48919571652132954,-0.08935398650045843,-1.1734227296296025,-0.4221055149467354,16.5,100.0,D.Maye,16.5
2025,00-0034383,D.Schultz,,TE,59.14699935913086,0.721,3.0,777.0,0.0,77700.0,300.0,0.0,0.0,15.58899974822998,2.0,0,0.7604390121087795,777.0,10700.0,9.476,82.0,schultz,0.11310414672759807,0.21023593902263013,-1.2817403537608343,-1.0774376127792236,0.5099492768481745,1.2040518452848905,0.3526930201028127,-1.3448183147792894,-1.5538525436395279,0.06129674987750862,-0.1435121324007428,-0.5609876330068628,9.6,100.0,D.Maye,9.6
2025,00-0036912,D.Smith,,WR,89.19000244140625,1.158,4.0,1008.0,0.0,100800.0,400.0,0.0,0.0,16.232999801635742,1.0,0,0.8432727169680905,1008.0,11400.0,13.091,77.0,smith,0.7804769539110865,1.0526017028173464,-1.0366426685589194,-0.4820582636940457,0.5099492768481745,1.7342843407255013,0.6673441970866747,-1.3448183147792894,-1.5538525436395279,0.1010586756798841,-0.6584674310151726,-0.42123717579933934,16.6,100.0,D.Maye,16.6
2025,00-0036275,D.Swift,CHI,RB,27.44300079345703,0.107,10.0,1377.0,2.0,22.7,22.2,11.0,16.333,12.94499969482422,4.0,0,0.2014785944719723,1377.0,9.0,5.358,257.0,swift,-0.5911658779357467,-0.9733168732655985,0.4339434426525707,0.46900225497448533,-1.9786031941709168,-0.578936406580432,-0.5214079495583561,0.9512964160525255,0.6020530793871733,-0.10194940730682563,0.8863984648281169,0.24083583525984203,49.7,100.0,D.Maye,49.7
2025,00-0040129,E.Egbuka,TB,WR,73.77400207519531,1.118,6.0,947.0,0.0,17.8,15.8,8.0,14.074,11.845000267028809,0.0,0,0.717878804062352,947.0,23.5,14.348,66.0,egbuka,0.43802718576491645,0.9754972850787,-0.5464472981550894,-0.6392796502490061,0.5099492768481745,-0.5790488801400709,-0.5415456248853232,0.32508330764384863,0.3038720469732068,-0.16986569923778114,-1.1734227296296025,-0.24412078117313507,25.4,100.0,D.Maye,25.4
2025,00-0037247,G.Pickens,,WR,138.57000732421875,1.49,9.0,1429.0,0.0,142900.0,900.0,0.0,0.0,27.854999542236328,1.0,0,1.1980644964402722,1429.0,13700.0,15.366,93.0,pickens,1.8774003336120821,1.6925683700481151,0.18884575745065565,0.6030270435131401,0.5099492768481745,2.700638802112935,2.240600082005985,-1.3448183147792894,-1.5538525436395279,0.8186255282245786,-0.6584674310151726,0.14691862888102608,45.0,100.0,D.Maye,45.0
2025,00-0040663,H.Fannin,CLE,WR,41.90700149536133,0.53,7.0,744.0,1.0,16.5,28.0,5.0,9.964,15.133999824523926,4.0,0,0.7662784721277938,744.0,20.6,9.418,79.0,fannin,-0.2698637522761195,-0.1579376556794083,-0.30134961295317436,-1.1624918055056777,-0.7343269586613712,-0.5790787200640568,-0.503158181293292,-0.30112980076482815,-0.2386352762766396,0.03320409194866257,0.8863984648281169,-0.0894742139522425,33.1,100.0,D.Maye,33.1
2025,00-0036900,J.Chase,CIN,WR,109.80799865722656,0.858,8.0,1426.0,0.0,24.8,17.0,6.0,17.25,39.65800094604492,3.0,0,1.2393125295639038,1426.0,30.3,11.141,128.0,chase,1.238483431338389,0.4743185697774955,-0.056251927751259354,0.5952948441743715,0.5099492768481745,-0.5788882036263011,-0.5377698107615169,-0.09239209796193588,0.7230942510222367,1.5473678063993213,0.37144316621368706,0.32057858939696793,53.7,100.0,D.Maye,53.7
2025,00-0037248,J.Cook,BUF,RB,19.18400001525879,0.056,14.0,1912.0,3.0,30.7,25.0,12.0,20.913,4.013000011444092,5.0,0,0.04693567264846891,1912.0,8.2,5.591,342.0,cook,-0.7746306440505769,-1.071625005882373,1.4143341834602308,1.8479111370548758,-3.222879429680462,-0.5787527762789807,-0.512597716602808,1.1600341188554177,1.2065989529843262,-0.6534299651098733,1.4013537634425468,0.6565994959755537,70.5,100.0,D.Maye,70.5
2025,00-0038041,J.Ferguson,DAL,TE,35.957000732421875,0.433,8.0,601.0,0.0,9.0,16.7,7.0,18.115,3.07699990272522,1.0,0,0.14828915193856482,601.0,16.9,7.241,83.0,ferguson,-0.40203658137154075,-0.3449158686956269,-0.056251927751259354,-1.5310599739869781,0.5099492768481745,-0.5792508734716674,-0.5387137642924685,0.11634560484095638,0.8372715830444061,-0.7112205921091632,-0.6584674310151726,-0.27482630860669005,23.9,100.0,D.Maye,23.9
2025,00-0039139,J.Gibbs,DET,RB,27.209999084472656,0.085,18.0,1836.0,1.0,28.0,32.1,9.0,17.815,-4.882999897003174,5.0,0,-0.061037498712539676,1836.0,17.1,5.738,320.0,gibbs,-0.5963417587948474,-1.0157243030218541,2.3947249242678907,1.6520287538060727,-0.7343269586613712,-0.5788147515057206,-0.4902574830369537,0.5338210104467409,0.7976725083546367,-1.202687820644167,1.4013537634425468,0.7751756932767946,76.4,100.0,D.Maye,76.4
2025,00-0035700,J.Jacobs,GB,RB,2.220999956130981,0.008,14.0,1211.0,2.0,21.5,32.6,9.0,17.0,-9.258000373840332,3.0,0,-0.13715556109393084,1211.0,9.5,4.485,270.0,jacobs,-1.1514453365335897,-1.1641503071687493,1.4143341834602308,0.041153891562625854,-1.9786031941709168,-0.5789639511256498,-0.4886842271520344,0.5338210104467409,0.6900950221140951,-1.472809606233137,0.37144316621368706,0.15688349535348606,45.5,100.0,D.Maye,45.5
2025,00-0036322,J.Jefferson,MIN,WR,80.32099914550781,0.934,2.0,1055.0,0.0,21.8,6.5,9.0,13.76,21.52899932861328,0.0,0,1.001348805982013,1055.0,30.1,12.267,86.0,jefferson,0.5834616418833961,0.6208169634809245,-1.5268380389627494,-0.3609204740533385,0.5099492768481745,-0.5789570649893453,-0.5708081843448224,0.5338210104467409,0.2624250154645811,0.4280448911739037,-1.1734227296296025,-0.4140344964957707,16.9,100.0,D.Maye,16.9
2025,00-0036407,J.Jeudy,CLE,WR,47.7760009765625,0.937,2.0,607.0,0.0,13.5,8.0,5.0,9.964,18.91699981689453,1.0,0,1.4836862601485907,607.0,20.2,11.902,51.0,jeudy,-0.13949027901177452,0.6265997948113231,-1.5268380389627494,-1.5155955753094412,0.5099492768481745,-0.579147581427101,-0.5660884166900645,-0.30112980076482815,-0.2386352762766396,0.26677451513658285,-0.6584674310151726,-0.5567171858982265,9.8,100.0,D.Maye,9.8
2025,00-0036040,J.Johnson,,WR,55.36399841308594,0.719,3.0,889.0,0.0,88900.0,300.0,0.0,0.0,18.76000022888184,0.0,0,0.9745454664354203,889.0,10200.0,11.545,77.0,johnson,0.029068873888003534,0.2063807181356978,-1.2817403537608343,-0.788768837465198,0.5099492768481745,1.4611342673167018,0.3526930201028127,-1.3448183147792894,-1.5538525436395279,0.25708102841006714,-1.1734227296296025,-0.7522113566070561,0.0,100.0,D.Maye,0.0
2025,00-0034960,J.Meyers,JAX,WR,65.06400299072266,0.813,3.0,848.0,0.0,14.9,6.4,13.0,18.231,11.869000434875488,1.0,0,0.5934500217437744,848.0,20.0,10.6,80.0,meyers,0.24454398025276364,0.38757609982151775,-1.2817403537608343,-0.8944422284283681,0.5099492768481745,-0.5791154461243471,-0.5711228355218062,1.36877182165831,0.8525832252577842,-0.16838387809798852,-0.6584674310151726,-0.20580681486320385,27.3,100.0,D.Maye,27.3
2025,00-0038543,J.Smith-Njigba,SEA,WR,141.8470001220703,1.126,10.0,1829.0,0.0,30.0,22.7,14.0,17.889,39.44499969482422,3.0,0,1.2522222125341023,1829.0,35.7,14.516,126.0,smithnjigba,1.950195182936334,0.990918168626429,0.4339434426525707,1.6339869553489461,0.5099492768481745,-0.5787688439303578,-0.5198346936734367,1.5775095244612023,0.8074402801114462,1.5342166585041292,0.37144316621368706,0.7608267909915949,75.7,100.0,D.Maye,75.7
2025,00-0036223,J.Taylor,IND,RB,35.02299880981445,0.095,20.0,1961.0,1.0,33.1,40.0,8.0,19.417,-11.135000228881836,3.0,0,-0.12070460952717438,1961.0,10.4,5.314,369.0,taylor,-0.42278442349964807,-0.9964481985871925,2.884920294671721,1.974203726254762,-0.7343269586613712,-0.5786976871885454,-0.4654000400552286,0.32508330764384863,1.0091315671980075,-1.5886995484350612,0.37144316621368706,0.6648071248437202,70.9,100.0,D.Maye,70.9
2025,00-0036613,J.Waddle,MIA,WR,84.35900115966797,1.278,6.0,938.0,0.0,17.7,16.2,7.0,13.88,13.928999900817873,1.0,0,0.8441818121707801,938.0,21.5,14.212,66.0,waddle,0.6731614875420526,1.2839149560332872,-0.5464472981550894,-0.6624762482653117,0.5099492768481745,-0.5790511755188391,-0.5402870201773878,0.11634560484095638,0.2782646453404891,-0.04119515274841795,-0.6584674310151726,-0.10544190840965462,32.3,100.0,D.Maye,32.3
2025,00-0037228,J.Warren,PIT,RB,13.154000282287598,0.052,8.0,1291.0,0.0,24.2,19.5,10.0,17.261,6.765999794006348,3.0,0,0.10782469791245175,1291.0,8.6,5.143,251.0,warren,-0.908580563707007,-1.0793354476562376,-0.056251927751259354,0.24734587392978705,0.5099492768481745,-0.5789019758989099,-0.5299035313369204,0.7425587132496332,0.7245462170941948,-0.4834539340376732,0.37144316621368706,0.022568344116920783,38.7,100.0,D.Maye,38.7
2025,00-0036997,J.Williams,DAL,RB,6.689000129699707,0.023,13.0,1338.0,1.0,20.0,27.1,7.0,18.115,8.946000099182129,3.0,0,0.12468292821159761,1338.0,8.4,4.662,287.0,williams,-1.0521935470182442,-1.1352361505167567,1.1692364982583157,0.3684836635704942,-0.7343269586613712,-0.5789983818071719,-0.5059900418861468,0.11634560484095638,0.8372715830444061,-0.34885610298913966,0.37144316621368706,0.18554368424920584,46.9,100.0,D.Maye,46.9
2025,00-0037240,J.Williams,DET,WR,97.43299865722656,1.372,7.0,1121.0,0.0,17.1,12.5,9.0,17.815,34.194000244140625,1.0,0,1.926422548965669,1121.0,18.5,15.789,71.0,williams,0.9635861959894996,1.4651103377191073,-0.30134961295317436,-0.1908120886004305,0.5099492768481745,-0.579064947791448,-0.5519291137257907,0.5338210104467409,0.7976725083546367,1.2100088429267535,-0.6584674310151726,0.16024036350474635,45.6,100.0,D.Maye,45.6
2025,00-0030279,K.Allen,,TE,81.177001953125,1.002,4.0,777.0,0.0,77700.0,400.0,0.0,0.0,10.654000282287598,0.0,0,0.5261234707302518,777.0,12200.0,9.593,81.0,allen,0.6024768180664144,0.7518944736366241,-1.0366426685589194,-1.0774376127792236,0.5099492768481745,1.2040518452848905,0.6673441970866747,-1.3448183147792894,-1.5538525436395279,-0.24340055808362773,-1.1734227296296025,-0.6517147752975798,5.0,100.0,D.Maye,5.0
2025,00-0036970,K.Pitts,,WR,68.39900207519531,0.777,5.0,928.0,0.0,92800.0,500.0,0.0,0.0,41.37799835205078,4.0,0,1.8808181069113992,928.0,11900.0,10.545,88.0,pitts,0.3186273764719645,0.3181821238567358,-0.7915449833570044,-0.6882502460612069,0.5099492768481745,1.5506540392742076,0.9819953740705368,-1.3448183147792894,-1.5538525436395279,1.6535640852291196,0.8863984648281169,-0.08661700524838603,33.3,100.0,D.Maye,33.3
2025,00-0038134,K.Walker,SEA,RB,-3.5339999198913574,-0.014,5.0,1309.0,0.0,21.5,11.4,14.0,17.889,-2.8010001182556152,1.0,0,-0.04446031933739072,1309.0,7.9,5.194,252.0,walker,-1.2792864319155486,-1.2065577369250051,-0.7915449833570044,0.2937390699623983,0.5099492768481745,-0.5789639511256498,-0.5553902766726131,1.5775095244612023,0.8074402801114462,-1.0741407494361417,-0.6584674310151726,-0.30493143470809536,22.4,100.0,D.Maye,22.4
2025,00-0037840,K.Williams,LA,RB,25.900999069213867,0.088,13.0,1533.0,2.0,22.3,20.6,12.0,20.72,4.7129998207092285,3.0,0,0.0639050823147014,1533.0,8.6,5.197,295.0,williams,-0.6254197778062652,-1.0099414716914557,1.1692364982583157,0.8710766205904497,-1.9786031941709168,-0.5789455880955047,-0.5264423683900978,1.1600341188554177,1.1811235482672406,-0.6102104959025617,0.37144316621368706,0.3579763470428333,55.5,100.0,D.Maye,55.5
2025,00-0039915,L.McConkey,,WR,64.42900085449219,0.976,6.0,789.0,0.0,78900.0,600.0,0.0,0.0,7.21999979019165,1.0,0,0.43757574486010004,789.0,10600.0,11.955,66.0,mcconkey,0.2304380948636408,0.7017766021065036,-0.5464472981550894,-1.0465088154241495,0.5099492768481745,1.2315963905025846,1.296646551054399,-1.3448183147792894,-1.5538525436395279,-0.45542301374949606,-0.6584674310151726,-0.44448165648714005,15.4,100.0,D.Maye,15.4
2025,00-0036252,M.Pittman,,TE,64.97100067138672,0.812,7.0,793.0,0.0,79300.0,700.0,0.0,0.0,10.878000259399414,0.0,0,0.5439000129699707,793.0,11400.0,9.912,80.0,pittman,0.2424780343564821,0.3856484893780518,-0.30134961295317436,-1.0361992163057914,0.5099492768481745,1.2407779055751493,1.611297728038261,-1.3448183147792894,-1.5538525436395279,-0.22957032558201323,-1.1734227296296025,-0.522611851055486,11.5,100.0,D.Maye,11.5
2025,00-0038559,M.Wilson,,WR,85.06800079345703,1.091,7.0,1006.0,0.0,100600.0,700.0,0.0,0.0,40.76800155639648,6.0,0,2.0906667464818707,1006.0,12700.0,12.897,78.0,wilson,0.6889111472747385,0.9234518031051131,-0.30134961295317436,-0.4872130632532247,0.5099492768481745,1.729693583189219,1.611297728038261,-1.3448183147792894,-1.5538525436395279,1.615901592500705,1.9163090620569765,0.367172894863053,56.0,100.0,D.Maye,56.0
2025,00-0036554,N.Collins,HOU,WR,89.26399993896484,1.223,7.0,1132.0,0.0,20.4,21.9,12.0,14.963,28.27199935913086,2.0,0,1.5491506498153895,1132.0,21.7,15.507,73.0,collins,0.7821207282546496,1.1778963816426478,-0.30134961295317436,-0.1624606910249458,0.5099492768481745,-0.5789892002920992,-0.5223519030893076,1.1600341188554177,0.4212173049705579,0.8443719791623979,-0.1435121324007428,0.2418641387105197,49.7,100.0,D.Maye,49.7
2025,00-0039075,P.Nacua,LA,WR,161.28599548339844,1.16,11.0,1820.0,0.0,26.5,17.5,12.0,20.72,70.41000366210938,6.0,0,2.0261871557441546,1820.0,28.6,13.094,139.0,nacua,2.3820114320505956,1.056456923704279,0.6790411278544857,1.6107903573326405,0.5099492768481745,-0.5788491821872427,-0.5361965548765976,1.1600341188554177,1.1811235482672406,3.446061515823887,1.9163090620569765,1.2473773197353752,100.0,100.0,D.Maye,100.0
2025,00-0040784,Q.Judkins,CLE,RB,-22.5939998626709,-0.088,7.0,998.0,0.0,22.1,28.0,5.0,9.964,-7.652999877929687,0.0,0,-0.11911283856699902,998.0,6.9,3.883,257.0,judkins,-1.7026837078767676,-1.3492009097415016,-0.30134961295317436,-0.5078322614899409,0.5099492768481745,-0.5789501788530409,-0.503158181293292,-0.30112980076482815,-0.2386352762766396,-1.3737134799305424,-1.1734227296296025,-0.7283919773176173,1.2,100.0,D.Maye,1.2
2025,00-0036139,R.Dowdle,CAR,RB,6.458000183105469,0.023,7.0,1373.0,1.0,27.0,22.6,8.0,13.522,-10.137999534606934,1.0,0,-0.146927529487057,1373.0,10.4,4.975,276.0,dowdle,-1.0573249608917388,-1.1352361505167567,-0.30134961295317436,0.4586926558561273,-0.7343269586613712,-0.578837705293402,-0.5201493448504206,0.32508330764384863,0.2310097495440304,-1.5271426162251533,-0.6584674310151726,-0.41730035827188316,16.7,100.0,D.Maye,16.7
2025,00-0034844,S.Barkley,PHI,RB,-19.843000411987305,-0.062,9.0,1413.0,0.0,27.0,22.0,11.0,14.037,3.072000026702881,3.0,0,0.03864150976984756,1413.0,10.9,4.443,318.0,barkley,-1.641573231639254,-1.2990830382113814,0.18884575745065565,0.5617886470397079,0.5099492768481745,-0.578837705293402,-0.5220372519123238,0.9512964160525255,0.298988161094802,-0.711529295032975,0.37144316621368706,0.0007791433614244142,37.7,100.0,D.Maye,37.7
2025,00-0031588,S.Diggs,,WR,98.64800262451172,1.161,4.0,1013.0,0.0,101300.0,400.0,0.0,0.0,28.983999252319336,1.0,0,1.363952905991498,1013.0,10200.0,11.918,85.0,diggs,0.9905761944981559,1.0583845341477451,-1.0366426685589194,-0.4691712647960981,0.5099492768481745,1.7457612345662072,0.6673441970866747,-1.3448183147792894,-1.5538525436395279,0.8883323589396058,-0.6584674310151726,-0.37752847989655247,18.7,100.0,D.Maye,18.7
2025,00-0036963,St. Brown,DET,WR,125.29399871826172,1.044,11.0,1410.0,0.0,21.5,19.6,9.0,17.815,42.38399887084961,2.0,0,1.4127999623616536,1410.0,31.3,11.75,120.0,brown,1.5824881669659687,0.8328541122622033,0.6790411278544857,0.5540564477009393,0.5099492768481745,-0.5789639511256498,-0.5295888801599364,0.5338210104467409,0.7976725083546367,1.7156766856459822,-0.1435121324007428,0.4879108950255205,62.0,100.0,D.Maye,62.0
2025,00-0036973,T.Etienne,JAX,RB,3.25,0.011,13.0,1399.0,0.0,24.6,27.7,13.0,18.231,-5.227000236511231,6.0,0,-0.07063513833123286,1399.0,9.5,4.726,296.0,etienne,-1.1285872139288642,-1.1583674758383506,1.1692364982583157,0.5257050501254547,0.5099492768481745,-0.5788927943838375,-0.5041021348242437,1.36877182165831,0.8525832252577842,-1.2239271294038097,1.9163090620569765,0.649647658152448,70.1,100.0,D.Maye,70.1
2025,00-0039868,T.Franklin,DEN,WR,44.95600128173828,0.642,6.0,721.0,0.0,12.7,15.0,14.0,14.321,10.993000030517578,1.0,0,0.6281714303152902,721.0,18.2,10.3,70.0,franklin,-0.20213352101515955,0.05795471398880276,-0.5464472981550894,-1.2217720004362365,0.5099492768481745,-0.5791659444572461,-0.5440628343011941,1.5775095244612023,0.33647528513445063,-0.22246999640919937,-0.6584674310151726,-0.17736394518905885,28.7,100.0,D.Maye,28.7
2025,00-0040734,T.Henderson,NE,RB,16.2549991607666,0.076,10.0,1132.0,1.0,18.1,20.0,14.0,20.417,4.372000217437744,4.0,0,0.0813395389290743,1132.0,8.7,5.265,215.0,henderson,-0.8396952288776022,-1.0330727970130498,0.4339434426525707,-0.1624606910249458,-0.7343269586613712,-0.5790419940037665,-0.528330275452001,1.5775095244612023,1.1411284828305734,-0.6312645328583277,0.8863984648281169,0.3098836158988199,53.1,100.0,D.Maye,53.1
2025,00-0030506,T.Kelce,KC,WR,71.19400024414062,0.925,5.0,852.0,0.0,16.0,14.3,6.0,13.923,9.222999572753906,0.0,0,0.47911686092228084,852.0,19.7,11.065,77.0,kelce,0.3807152366294008,0.603468469489729,-0.7915449833570044,-0.88413262931001,0.5099492768481745,-0.5790901969578975,-0.5462653925400811,-0.09239209796193588,0.28394051271268933,-0.3317535694455306,-1.1734227296296025,-0.4081936781904697,17.2,100.0,D.Maye,17.2
2025,00-0037744,T.McBride,,TE,107.69000244140624,0.855,11.0,1239.0,0.0,123900.0,1100.0,0.0,0.0,23.867000579833984,3.0,0,0.7576825580899678,1239.0,17000.0,9.833,126.0,mcbride,1.191434437058921,0.46853573844709695,0.6790411278544857,0.11332108539113227,0.5099492768481745,2.264516836166112,2.8699024359737093,-1.3448183147792894,-1.5538525436395279,0.572398034912427,0.37144316621368706,0.2583466646814789,50.5,100.0,D.Maye,50.5
2025,00-0040124,T.McMillan,,WR,104.70999908447266,1.496,7.0,1013.0,0.0,101300.0,700.0,0.0,0.0,19.457000732421875,1.0,0,1.11182861328125,1013.0,12200.0,14.471,70.0,mcmillan,1.1252368868244602,1.7041340327089123,-0.30134961295317436,-0.4691712647960981,0.5099492768481745,1.7457612345662072,1.611297728038261,-1.3448183147792894,-1.5538525436395279,0.30011531413630693,-0.6584674310151726,-0.1355968274688271,30.8,100.0,D.Maye,30.8
2025,00-0035261,T.Pollard,TEN,RB,-17.48200035095215,-0.064,5.0,1288.0,2.0,27.5,20.8,3.0,9.793,10.354999542236328,3.0,0,0.15061817515980114,1288.0,7.7,4.684,275.0,pollard,-1.589126169866557,-1.3029382590983136,-0.7915449833570044,0.2396136745910185,-1.9786031941709168,-0.5788262283995613,-0.5258130660361301,-0.7186052063706126,-0.26120674884980855,-0.2618614963675617,0.37144316621368706,-0.4833199349551599,13.4,100.0,D.Maye,13.4
2025,00-0040128,T.Warren,IND,WR,54.292999267578125,0.662,5.0,825.0,0.0,13.9,10.0,8.0,19.417,9.015999794006348,0.0,0,0.43980486800030966,825.0,21.4,10.061,82.0,warren,0.005277786683064491,0.0965069228581262,-0.7915449833570044,-0.9537224233589269,0.5099492768481745,-0.5791383999120284,-0.5597953931503872,0.32508330764384863,1.0091315671980075,-0.34453417373296946,-1.1734227296296025,-0.36815108657972573,19.2,100.0,D.Maye,19.2
2025,00-0040583,W.Marks,HOU,RB,-12.460000038146973,-0.057,5.0,911.0,0.0,16.4,15.6,12.0,14.963,-3.947000026702881,1.0,0,-0.07176363684914329,911.0,6.5,4.141,220.0,marks,-1.4775678666817973,-1.2894449859940504,-0.7915449833570044,-0.7320660423142287,0.5099492768481745,-0.5790810154428249,-0.542174927239291,1.1600341188554177,0.4212173049705579,-1.1448972083653446,-0.6584674310151726,-0.48008609079154657,13.6,100.0,D.Maye,13.6
2025,00-0038117,W.Robinson,NYG,WR,78.87799835205078,0.83,4.0,1019.0,0.0,18.5,9.8,4.0,15.24,13.583000183105469,1.0,0,0.5719157971833881,1019.0,27.9,10.726,95.0,robinson,0.5514069405720755,0.4203454773604427,-1.0366426685589194,-0.45370686611856104,0.5099492768481745,-0.579032812488694,-0.5604246955043549,-0.5098675035677204,0.4577804506007789,-0.06255790734846343,-0.6584674310151726,-0.3434028081322401,20.4,100.0,D.Maye,20.4
2025,00-0039165,Z.Charbonnet,SEA,RB,1.7280000448226929,0.008,12.0,874.0,0.0,14.4,27.3,14.0,17.889,11.789999961853027,4.0,0,0.23117646984025544,874.0,5.3,4.284,204.0,charbonnet,-1.1623967961413388,-1.1641503071687493,0.9241388130564007,-0.8274298341590407,0.5099492768481745,-0.5791269230181877,-0.5053607395321791,1.5775095244612023,0.8074402801114462,-0.1732615344429834,0.8863984648281169,0.34393852248206125,54.8,100.0,D.Maye,54.8
2025,00-0039064,Z.Flowers,BAL,WR,86.47200012207031,0.91,6.0,1267.0,0.0,22.4,13.3,8.0,16.96,40.891998291015625,5.0,0,1.7217683490953948,1267.0,29.1,13.337,95.0,flowers,0.7200994732438284,0.5745543128377364,-0.5464472981550894,0.18548827921963867,0.5099492768481745,-0.5789432927167364,-0.5494119043099197,0.32508330764384863,0.6848151454887926,1.623557413234864,1.4013537634425468,0.45301744029252655,60.3,100.0,D.Maye,60.3
